matchid,accountid,assists,deaths,denies,firstblood,gpm,herodamage,heroheal,heroid,kills,last_hits,level,obsplaced,rune_pickups,kpm,senplaced,towerdamage,killbytower,xpm,name,duration,radiwin,win,totalgold,totalxp,kda,neukill,towerkill,courkill,lanekill,herokill,obskill,senkill,roshankill,necrokill,ancikill,obsuse,senuse,roam,obspurch,senpurch,tppurch,tenxp,tengold,tendn,tefipar,laneff,apm
3870602242,106863163,7,7,15,0,469,21842,0,21,15,164,18,0,9,0.44776119402985076,0,125,0,440,Somnus丶M,2010,True,0,15711,14740,2,38,0,0,130,15,0,0,0,0,8,0,0,False,0,0,9,2718,2291,7,0.5945946,0.7782022923788458,141
3870453145,106863163,14,5,5,0,503,19167,0,106,8,233,21,0,19,0.21248339973439576,0,827,0,529,Somnus丶M,2259,True,1,18937,19916,3,68,0,0,157,8,0,0,0,0,0,0,0,False,0,0,13,2851,2741,5,0.52380955,0.847979087070179,164
3868388262,106863163,24,5,8,0,603,36786,0,39,10,290,25,0,18,0.24164317358034637,0,5152,2,702,Somnus丶M,2483,True,1,24954,29051,5,49,2,0,226,10,0,0,0,0,4,0,0,False,0,0,11,2783,2209,5,0.6938776,0.6052684496279912,151
3868240894,106863163,6,5,6,0,620,37321,0,17,16,354,25,0,28,0.3460706560922855,0,1153,2,617,Somnus丶M,2774,False,1,28664,28525,3,194,2,0,151,16,0,0,2,0,9,0,0,False,0,0,10,3129,2912,6,0.5833333,0.8306857027950935,162
3866278803,106863163,7,5,1,0,572,9971,0,17,6,265,21,0,14,0.195971692977681,0,1302,0,609,Somnus丶M,1837,False,1,17512,18645,2,123,0,0,135,6,1,0,0,0,15,0,0,False,0,0,10,2106,2092,1,0.52,0.6289965815403177,171
3866190562,106863163,2,3,14,1,495,15200,0,23,4,240,20,0,12,0.11183597390493942,0,939,0,482,Somnus丶M,2146,False,0,17704,17239,1,49,0,0,197,4,0,1,0,0,3,0,0,False,0,0,9,3235,2910,11,0.75,0.8081640860647497,169
3866060233,106863163,18,6,10,0,624,30401,106,23,12,357,25,0,6,0.2616279069767442,0,1639,0,747,Somnus丶M,2752,False,1,28620,34262,4,62,0,0,258,12,0,0,0,0,26,0,0,False,0,0,16,2598,2401,6,0.63829786,0.7389905489644079,173
3862555760,106863163,9,2,9,0,598,17415,0,23,9,473,24,0,17,0.222680412371134,0,4719,3,642,Somnus丶M,2425,False,1,24169,25947,6,71,3,0,231,9,0,0,1,0,14,0,0,False,0,0,13,3428,3026,9,0.42857143,0.8867886587572894,167
3862410871,106863163,24,5,9,0,511,16208,0,86,13,159,22,0,13,0.37772397094430993,0,1692,1,625,Somnus丶M,2065,True,1,17586,21510,6,9,1,0,156,13,0,0,0,0,0,0,0,False,0,0,7,2981,2452,6,0.6727273,0.8489845163884979,148
3860298305,106863163,11,5,7,0,623,23111,122,17,15,252,23,0,12,0.44096031357177856,0,3202,1,706,Somnus丶M,2041,True,1,21192,24015,4,95,1,0,148,15,2,1,1,2,3,0,0,False,0,0,13,3051,2808,2,0.61904764,0.7977076211542329,161
3860181472,106863163,12,1,23,0,597,23181,45,23,13,229,24,0,12,0.3560018256503879,0,1336,2,672,Somnus丶M,2191,True,1,21800,24539,12,45,2,0,189,13,0,0,1,0,13,0,0,False,0,0,10,2868,2278,13,0.7352941,0.7991152221998793,173
3858449839,106863163,15,3,9,0,758,54230,0,34,17,398,25,0,8,0.4253544620517098,0,17,0,761,Somnus丶M,2398,True,1,30294,30414,8,138,0,0,254,17,0,0,0,0,1,0,0,False,0,0,1,3047,2509,8,0.6666667,0.792881560426302,136
3858341244,106863163,4,6,15,0,474,15029,0,76,5,229,19,0,14,0.14492753623188406,0,471,1,473,Somnus丶M,2070,True,0,16353,16318,1,69,1,0,167,5,0,0,0,0,0,0,0,False,0,0,9,2641,1885,10,0.6923077,0.6086869093102755,154
3858222095,106863163,10,6,15,0,658,24329,0,52,9,395,25,0,17,0.1939655172413793,0,4226,1,656,Somnus丶M,2784,True,1,30531,30438,2,97,1,0,296,9,0,0,1,0,6,0,0,False,0,0,8,2549,2274,11,0.7916667,0.5994369595817414,159
3856657225,106863163,9,6,17,0,413,20584,0,47,7,131,19,0,4,0.23755656108597284,0,487,0,531,Somnus丶M,1768,True,0,12169,15646,2,12,0,0,135,7,0,0,0,0,0,0,0,False,0,0,8,3129,2419,14,0.7619048,0.7289362557812186,146
3856540185,106863163,8,3,11,0,631,30814,109,39,18,217,24,0,21,0.5258033106134372,0,2086,0,727,Somnus丶M,2054,False,1,21601,24887,6,60,0,0,159,18,0,1,0,0,0,0,0,False,0,0,11,3130,2589,7,0.7222222,0.7070178966418661,167
3856441285,106863163,7,8,9,0,395,14578,0,47,4,181,18,0,1,0.121765601217656,0,290,0,451,Somnus丶M,1971,True,0,12975,14815,1,61,0,0,124,4,0,0,0,0,12,0,0,False,0,0,9,2356,1771,6,0.45833334,0.5616328172129499,144
3854810418,106863163,13,1,11,0,522,17651,0,47,9,166,20,0,4,0.30892448512585813,0,2810,2,580,Somnus丶M,1748,True,1,15207,16897,11,37,2,0,131,9,0,0,0,0,0,0,0,False,0,0,4,2804,2215,6,0.84615386,0.692137542730746,166
3854704857,106863163,7,3,11,0,615,17321,0,52,3,369,23,0,11,0.08364312267657992,0,254,0,627,Somnus丶M,2152,True,0,22058,22488,2,87,0,0,282,3,0,0,0,0,3,0,0,False,0,0,2,2333,2650,10,0.5882353,0.8043434546551378,174
3854613702,106863163,10,5,11,0,640,28526,0,52,9,244,22,0,11,0.2719033232628399,0,5253,4,613,Somnus丶M,1986,True,1,21184,20290,3,39,4,0,211,9,0,0,0,0,3,0,0,False,0,0,9,2969,2612,7,0.82608694,0.7812185803338025,161
3846793837,106863163,15,4,13,0,533,38229,0,35,15,161,19,0,4,0.46826222684703434,0,5770,4,487,Somnus丶M,1922,False,1,17073,15600,6,22,4,0,138,15,0,3,0,0,8,0,0,False,0,0,8,2415,1827,9,0.71428573,0.6036597627186808,151
3846746975,106863163,7,2,3,0,613,24045,0,34,11,306,24,0,3,0.32448377581120946,0,0,0,755,Somnus丶M,2034,False,1,20780,25594,6,123,0,0,178,11,0,0,0,0,9,0,0,False,0,0,6,2338,1842,3,0.64285713,0.5911924391715262,132
3844915839,106863163,10,3,18,0,512,27249,0,47,12,175,19,0,10,0.38236856080722254,0,3317,1,530,Somnus丶M,1883,False,1,16068,16633,5,56,1,0,133,12,0,0,0,0,3,0,0,False,0,0,7,2754,2139,12,0.84615386,0.6211542328574301,159
3844843750,106863163,10,4,32,1,514,19175,0,47,16,161,20,0,4,0.4938271604938272,0,2848,0,559,Somnus丶M,1944,False,1,16653,18111,5,31,0,0,155,16,0,0,0,0,4,0,0,False,0,0,5,2477,2420,8,0.7647059,0.6790669615926,165
3841906191,106863163,4,11,11,0,346,10456,0,72,4,105,14,0,5,0.1593625498007968,0,0,0,364,Somnus丶M,1506,True,0,8684,9136,0,20,0,0,92,4,2,0,0,0,0,0,0,False,0,0,8,2390,1861,7,0.8,0.6139151417655339,142
3841825288,106863163,8,1,8,0,630,19203,0,52,6,228,19,0,14,0.22900763358778625,0,3462,3,608,Somnus丶M,1572,True,1,16506,15929,7,43,3,0,169,6,0,0,0,0,3,0,0,False,0,0,5,3254,2562,6,0.6086956,0.7918761311079832,169
3841762613,106863163,4,3,5,0,407,8973,0,49,0,208,16,0,7,0,0,2168,0,400,Somnus丶M,1870,True,0,12684,12466,1,36,0,0,167,0,1,0,0,0,0,0,0,False,0,0,7,2696,2260,4,0.5,0.6764528453649709,160
3841533537,106863163,6,1,18,0,408,6723,0,47,1,83,11,0,3,0.05870841487279843,0,1222,2,373,Somnus丶M,1022,False,1,6949,6353,3,9,2,0,85,1,0,0,0,0,0,0,0,False,0,0,3,1979,1854,8,0.5,0.5722903679871305,173
3841478445,106863163,6,3,13,0,603,16707,0,52,5,226,19,0,7,0.19543973941368079,0,2295,1,615,Somnus丶M,1535,True,1,15426,15733,2,54,1,0,175,5,0,0,0,0,0,0,0,False,0,0,6,2966,2551,10,0.57894737,0.7796098934244923,181
3820686389,106863163,4,7,16,0,514,24500,0,52,7,352,24,0,5,0.1498394577238673,0,1670,2,524,Somnus丶M,2803,False,0,24012,24479,1,82,2,0,281,7,0,0,0,0,0,0,0,False,0,0,15,2753,2348,10,0.78571427,0.7466318117836316,144
3820592361,106863163,3,5,7,0,435,12182,0,19,2,272,21,1,10,0.05305039787798408,0,320,0,508,Somnus丶M,2262,True,0,16399,19151,0,72,0,0,198,2,0,0,0,0,0,1,0,False,0,0,12,2881,2504,5,0.3846154,0.6822843354112206,143
3820507353,106863163,10,2,5,0,622,16367,0,23,9,363,25,0,8,0.2494226327944573,0,1709,3,757,Somnus丶M,2165,False,1,22443,27315,6,82,3,0,164,9,0,0,0,0,3,0,0,False,0,0,13,2871,2382,5,0.6785714,0.7806153227428112,157
3820410022,106863163,1,6,9,0,544,7380,0,11,1,297,20,0,10,0.03138075313807531,0,47,1,532,Somnus丶M,1912,True,0,17335,16953,0,109,1,0,179,1,0,1,0,0,6,0,0,False,0,0,8,2648,2356,8,0.33333334,0.7337623165091494,165
3820341307,106863163,11,1,5,0,595,13649,0,19,8,198,20,0,15,0.28811524609843936,0,1649,2,628,Somnus丶M,1666,True,1,16521,17437,9,57,2,0,142,8,0,0,0,0,6,0,0,False,0,0,7,3202,2963,3,0.7307692,0.8650713854816007,163
3820170555,106863163,17,5,10,0,732,35501,0,52,14,518,25,0,17,0.2693170888105162,0,5189,6,634,Somnus丶M,3119,True,1,38051,32957,5,65,6,0,439,14,1,2,1,0,0,0,0,False,0,0,9,2875,2702,8,1,0.8449627991152222,155
3820112359,106863163,14,6,6,0,544,24880,0,19,11,249,23,0,21,0.2560124127230411,0,2517,1,553,Somnus丶M,2578,False,1,23373,23760,3,50,1,0,198,11,0,1,0,0,9,0,0,False,0,0,13,2507,2880,4,0.54347825,0.9233862859440981,142
3820058665,106863163,6,5,15,0,450,22534,0,49,8,248,21,0,9,0.1804511278195489,0,2844,3,435,Somnus丶M,2660,False,0,19950,19285,2,66,3,0,188,8,0,0,0,0,6,0,0,False,0,0,8,3123,2440,13,0.6086956,0.8166096923386286,142
3818944364,106863163,38,7,10,0,616,41941,0,14,20,140,24,0,10,0.6269592476489029,0,977,1,835,Somnus丶M,1914,True,1,19650,26636,7,9,1,0,126,20,0,0,0,0,0,0,0,False,0,0,4,2431,2915,8,0.725,0.941282927810175,163
3818518023,106863163,15,8,11,0,613,44460,0,72,11,509,25,0,18,0.17756255044390637,0,2463,2,620,Somnus丶M,3717,True,0,37975,38409,2,128,2,0,366,11,2,0,0,0,13,0,0,False,0,0,15,2323,2025,4,0.60465115,0.6225618339030766,140
3818469890,106863163,2,2,9,1,382,8599,0,76,2,155,13,0,1,0.07281553398058252,0,815,1,312,Somnus丶M,1648,True,0,10492,8569,1,25,1,0,133,2,1,0,0,0,0,0,0,False,0,0,6,2028,2320,2,0.5714286,0.728534084053891,155
3816957355,106863163,13,0,6,0,587,24584,80,19,10,178,18,0,8,0.35314891112419067,0,1834,4,534,Somnus丶M,1699,True,1,16621,15121,23,21,4,0,155,10,0,0,0,0,0,0,0,False,0,0,5,2948,2702,3,0.6969697,0.750050271465916,170
3816899525,106863163,12,4,11,0,629,21798,0,52,9,207,19,0,6,0.31213872832369943,0,5074,3,545,Somnus丶M,1730,False,1,18136,15714,4,42,3,0,167,9,0,0,0,0,1,0,0,False,0,0,8,2776,2901,10,0.75,0.858234466117032,161
3816848333,106863163,2,3,8,0,429,11182,0,49,5,146,15,0,10,0.18832391713747645,0,979,1,414,Somnus丶M,1593,True,0,11389,10991,1,52,1,0,94,5,0,1,0,0,15,0,0,False,0,0,7,2898,2718,8,0.46666667,0.7084254976875126,157
3815256950,106863163,8,4,19,0,511,15965,0,76,6,256,23,0,6,0.14417300760913096,0,2937,0,562,Somnus丶M,2497,False,1,21266,23388,2,67,0,0,198,6,1,0,0,0,1,0,0,False,0,0,9,3190,2666,13,0.6086956,0.8051477981097929,142
3815208445,106863163,13,6,20,0,524,25154,0,47,9,284,23,0,6,0.18987341772151897,0,6014,3,506,Somnus丶M,2844,False,1,24837,23984,3,55,3,0,221,9,0,1,1,0,0,0,0,False,0,0,14,2534,1910,8,0.62857145,0.5598230444399759,149
3811395746,106863163,5,9,9,0,432,7599,0,11,2,167,14,0,4,0.08339124391938846,0,707,2,416,Somnus丶M,1439,True,0,10360,9977,0,61,2,0,103,2,0,0,0,0,0,0,0,False,0,0,7,2544,2495,5,0.5,0.754675246330183,160
3811269198,106863163,15,3,7,0,618,26567,0,72,15,270,24,0,13,0.38659793814432986,0,5395,4,684,Somnus丶M,2328,False,1,23978,26539,7,120,4,0,142,15,1,1,0,0,15,0,0,False,0,0,8,2152,1921,4,0.7894737,0.6018499899457068,162
3811141827,106863163,8,2,6,0,569,16106,0,19,11,150,18,0,11,0.48034934497816595,0,737,0,613,Somnus丶M,1374,False,1,13030,14037,6,20,0,1,121,10,0,0,0,0,0,0,0,False,0,0,5,3380,2687,6,0.7916667,0.8357128493866881,172
3810913865,106863163,16,4,10,0,616,27191,0,72,8,201,20,0,3,0.25959978366684694,0,7156,5,591,Somnus丶M,1849,False,1,18983,18212,4,19,5,0,173,8,0,0,0,0,1,0,0,False,0,0,9,2453,2152,9,0.6666667,0.6495073396340237,161
3810503944,106863163,8,8,25,1,631,45884,0,35,15,444,24,0,2,0.3061224489795918,0,1712,1,540,Somnus丶M,2940,False,0,30919,26460,2,51,1,0,386,15,1,2,1,5,3,0,0,False,0,0,10,2603,2803,9,0.79310346,0.8007239091091897,121
3809062947,106863163,9,3,18,0,554,16478,0,76,7,240,20,0,9,0.20019065776930411,0,2533,1,488,Somnus丶M,2098,False,1,19371,17063,4,58,1,1,190,7,0,1,0,0,2,0,0,False,0,0,8,3270,2714,12,0.6956522,0.7973054494269053,155
3808586208,106863163,3,3,11,0,509,16547,0,25,6,259,19,0,2,0.1749271137026239,0,816,1,458,Somnus丶M,2058,False,0,17458,15709,2,19,1,0,233,6,0,0,0,0,0,0,0,False,0,0,5,3304,2611,8,0.8181818,0.7898652724713453,144
3806993715,106863163,12,3,14,0,682,21716,0,11,10,293,21,0,8,0.3067484662576687,0,4824,3,613,Somnus丶M,1956,True,1,22233,19983,5,85,3,0,205,11,1,1,1,0,0,0,0,False,0,0,11,2451,2296,12,0.7777778,0.803136939473155,165
3806873564,106863163,6,0,9,0,526,13106,0,47,6,130,15,0,6,0.24423337856173674,0,3902,3,439,Somnus丶M,1474,True,1,12922,10784,12,26,3,0,109,6,0,0,0,0,0,0,0,False,0,0,5,2449,1988,6,0.54545456,0.6887190830484617,162
3805613071,106863163,17,6,9,0,491,11035,0,15,5,160,19,0,1,0.18170805572380375,0,1870,1,578,Somnus丶M,1651,True,1,13510,15904,3,28,1,0,134,5,0,0,0,0,0,0,0,False,0,0,9,2344,1795,6,0.5641026,0.6151216569475166,148
3805446809,106863163,6,9,8,0,478,15169,0,46,2,320,20,0,5,0.05112910097997443,0,874,1,445,Somnus丶M,2347,False,0,18697,17406,0,63,1,0,231,2,0,0,0,0,17,0,0,False,0,0,6,2268,2000,4,0.47058824,0.6229640056304042,134
3799488387,106863163,6,3,18,0,617,15450,0,11,7,209,16,0,4,0.27219701879455604,0,4936,2,467,Somnus丶M,1543,False,1,15867,12009,3,61,2,0,158,7,0,0,1,0,6,0,0,False,0,0,5,1914,2055,9,0.5652174,0.6678061532274281,168
3799388962,106863163,10,3,25,0,601,23605,0,76,12,204,22,0,6,0.40517726505346086,0,2673,1,734,Somnus丶M,1777,False,1,17799,21738,5,14,1,0,204,12,0,0,0,0,0,0,0,False,0,0,7,3250,2638,21,0.7586207,0.7343655741001408,152
3799270780,106863163,8,4,19,0,555,25142,0,76,10,250,23,1,6,0.25884383088869717,0,1912,1,582,Somnus丶M,2318,False,1,21441,22484,3,86,1,0,175,10,0,0,0,0,0,1,0,False,0,0,8,1919,1703,4,0.75,0.5330786245726925,150
3799027889,106863163,10,2,5,1,655,13498,0,11,10,257,21,0,3,0.3612281757977122,0,2352,3,714,Somnus丶M,1661,True,1,18132,19765,6,81,3,0,167,10,1,0,0,0,9,0,0,False,0,0,6,2207,2658,4,0.6896552,0.8417454252966017,166
3798948689,106863163,12,4,18,0,544,23056,0,43,8,240,22,0,4,0.21592442645074225,0,6145,4,557,Somnus丶M,2223,False,1,20155,20636,4,57,4,0,189,8,0,0,1,0,2,0,0,False,0,0,10,2954,2437,10,0.6666667,0.8033380253368189,142
3797437150,106863163,11,2,11,0,593,16622,112,13,2,299,21,0,18,0.06711409395973154,0,715,0,637,Somnus丶M,1788,False,1,17671,18982,4,13,0,0,147,2,0,0,0,0,3,0,0,False,0,0,3,2477,2444,7,0.43333334,0.7351699175547959,150
3797356155,106863163,14,4,16,0,500,16334,0,47,5,134,17,0,5,0.18867924528301888,0,2992,1,511,Somnus丶M,1590,False,1,13250,13541,3,6,1,0,139,5,0,1,0,0,0,0,0,False,0,0,7,2926,2238,7,0.6785714,0.6189422883571285,158
3797253665,106863163,5,2,18,0,714,25409,0,98,14,240,24,0,3,0.5112598904443092,0,3125,3,934,Somnus丶M,1643,True,1,19551,25576,6,27,3,0,219,14,0,0,0,0,0,0,0,False,0,0,3,3416,3313,15,0.6551724,1.0142770963201286,177
3797178901,106863163,9,4,26,0,707,34267,0,11,14,296,24,0,4,0.43956043956043955,0,2391,2,783,Somnus丶M,1911,False,1,22517,24938,4,86,2,0,227,14,0,1,1,0,0,0,0,False,0,0,7,2442,2095,8,0.79310346,0.6579529459079027,179
3795730639,106863163,5,2,7,0,750,26484,0,44,15,164,20,0,3,0.6521739130434783,0,6720,6,795,Somnus丶M,1380,True,1,17250,18285,6,25,6,0,128,15,0,0,1,0,3,0,0,False,0,0,5,2952,2796,5,0.71428573,0.8765332797104364,158
3795652426,106863163,12,5,17,0,582,13799,0,47,4,191,20,0,5,0.1346045989904655,0,2257,2,590,Somnus丶M,1783,False,1,17295,17532,2,20,2,0,180,4,0,0,0,0,0,0,0,False,0,0,7,2742,2288,9,0.61538464,0.6400563040418259,156
3795559077,106863163,17,3,33,0,617,25043,0,35,9,245,21,0,2,0.2770651616213443,0,6596,5,575,Somnus丶M,1949,True,1,20042,18677,6,43,5,0,222,9,0,0,0,0,7,0,0,False,0,0,9,3154,2579,20,0.7878788,0.8063543132917755,148
3795477852,106863163,9,3,20,0,643,25283,0,76,14,289,24,0,10,0.3876326718966313,0,1821,1,680,Somnus丶M,2167,False,1,23223,24559,5,65,1,0,237,14,0,0,0,0,0,0,0,False,0,0,9,3100,2318,9,0.76666665,0.7753870902875528,164
3795337808,106863163,6,1,27,0,628,19048,0,76,12,241,19,0,5,0.4350453172205438,0,1495,3,593,Somnus丶M,1655,True,1,17322,16356,9,29,3,0,208,12,1,1,0,0,0,0,0,False,0,0,7,2845,2779,13,0.72,0.7987130504725518,180
3795267796,106863163,9,1,46,0,825,24302,0,11,12,375,24,0,12,0.35070628348757915,0,6614,3,747,Somnus丶M,2053,True,1,28228,25559,10,124,3,0,267,12,1,0,1,0,20,0,0,False,0,0,6,3702,2806,39,0.67741936,0.8811582545747034,176
3794122883,106863163,5,6,14,0,502,22953,0,19,14,212,20,0,8,0.37516748548459133,0,1225,1,490,Somnus丶M,2239,True,0,18732,18285,2,62,1,0,155,14,1,0,0,0,11,0,0,False,0,0,12,3122,2964,12,0.6333333,0.7653327971043635,158
3792722654,106863163,9,2,6,0,539,13323,0,47,4,139,16,0,7,0.16227180527383367,1,2793,2,470,Somnus丶M,1479,True,1,13286,11585,4,25,2,0,114,4,0,0,1,0,1,0,1,False,0,0,4,2312,2600,4,0.65,0.8212346672028956,152
3792643522,106863163,9,3,18,0,437,10079,0,47,1,121,15,0,3,0.04415011037527594,0,1737,0,449,Somnus丶M,1359,False,1,9898,10169,2,28,0,0,105,1,0,0,0,0,3,0,0,False,0,0,4,3242,2762,14,0.5882353,0.8493866881158254,150
3792544900,106863163,4,4,14,0,345,8646,0,92,4,120,14,0,0,0.1602136181575434,0,1038,0,392,Somnus丶M,1498,True,0,8613,9786,1,37,0,0,88,4,1,0,0,0,1,0,0,False,0,0,4,2380,1930,8,0.72727275,0.6336215564045847,162
3792466130,106863163,5,4,6,0,571,14370,0,17,7,227,19,0,16,0.24319629415170818,0,1230,1,540,Somnus丶M,1727,True,0,16435,15543,2,66,1,0,159,7,0,0,0,0,6,0,0,False,0,0,9,3450,3317,6,0.54545456,0.9967826261813795,167
3792346089,106863163,10,9,18,0,613,45068,0,15,15,379,25,0,11,0.27314112291350534,0,5238,7,652,Somnus丶M,3295,True,1,33663,35805,2,98,7,0,266,15,0,2,0,4,8,0,0,False,0,0,11,3354,2498,13,0.5319149,0.7029961793685904,144
3792261655,106863163,8,4,7,0,621,26786,19,19,11,247,23,0,9,0.3256043413912185,0,4159,3,713,Somnus丶M,2027,False,1,20979,24087,3,68,3,0,168,11,0,0,0,0,6,0,0,False,0,0,10,2172,2081,7,0.6333333,0.7243112809169515,143
3792177620,106863163,14,9,13,0,546,32456,0,15,12,392,25,0,17,0.2304,0,1661,1,620,Somnus丶M,3125,True,0,28437,32291,2,140,1,0,239,13,2,2,2,0,17,0,0,False,0,0,7,2889,2649,13,0.63414633,0.6887190830484617,146
3792117569,106863163,10,0,8,0,709,29260,0,72,14,264,22,0,8,0.44967880085653106,0,3335,2,698,Somnus丶M,1868,False,1,22073,21731,24,110,2,0,149,14,1,0,0,0,13,0,0,False,0,0,8,2131,1986,6,0.61538464,0.6943494872310476,171
3787701913,106863163,15,7,4,0,628,32708,19,17,9,289,23,0,16,0.2382002646669607,0,3909,5,620,Somnus丶M,2267,True,1,23727,23425,3,112,5,0,155,9,2,0,0,0,6,0,0,False,0,0,14,2290,2448,4,0.8888889,0.6700180977277297,158
3787589291,106863163,16,7,12,0,526,18655,0,47,9,187,19,0,4,0.2644466209598433,0,2160,1,457,Somnus丶M,2042,False,1,17901,15553,3,47,1,0,147,9,0,2,0,0,6,0,0,False,0,0,11,2635,2454,12,0.625,0.7864468127890609,149
3783453253,106863163,6,0,16,0,446,7705,0,47,3,109,14,0,5,0.14073494917904614,3,928,1,424,Somnus丶M,1279,False,1,9507,9038,9,15,1,0,102,3,0,2,1,0,0,0,3,False,0,0,4,2923,2270,12,0.39130434,0.7190830484616931,145
3783373555,106863163,6,5,13,0,436,18305,0,72,4,217,17,0,2,0.1273209549071618,0,0,0,412,Somnus丶M,1885,False,0,13697,12943,1,14,0,0,186,4,0,1,0,3,2,0,0,False,0,0,10,1681,1686,9,0.7692308,0.4898451638849789,145
3781981150,106863163,10,3,23,1,524,56804,0,34,5,340,23,0,10,0.12412081092263136,1,23,1,552,Somnus丶M,2417,True,0,21108,22236,3,119,1,0,240,5,0,0,0,0,5,0,1,False,0,0,1,2749,2375,18,0.88235295,0.7235069374622964,127
3781930972,106863163,8,3,19,0,427,7556,0,76,3,96,13,0,1,0.16468435498627632,0,1512,1,451,Somnus丶M,1093,False,1,7778,8215,2,3,1,0,109,3,0,0,0,0,0,0,0,False,0,0,4,2693,2193,10,0.39285713,0.6161270862658356,167
3747041770,106863163,4,2,10,0,527,31018,0,43,11,280,24,0,9,0.2597402597402597,0,2547,2,613,Somnus丶M,2541,True,0,22318,25960,5,36,2,0,244,11,1,0,0,0,0,0,0,False,0,0,9,2818,2480,9,0.6,0.7701588578322944,152
3746945388,106863163,7,5,7,0,541,10180,0,72,4,199,20,0,3,0.13165112452002195,0,3438,2,590,Somnus丶M,1823,False,1,16437,17926,1,54,2,0,145,4,0,0,0,0,15,0,0,False,0,0,10,1527,1766,3,0.47826087,0.5284536497084255,144
3746813031,106863163,19,4,7,0,623,62296,0,72,16,536,25,0,22,0.2544394381129075,0,3854,2,715,Somnus丶M,3773,False,0,39176,44961,7,142,2,0,376,16,3,1,1,0,17,0,0,False,0,0,11,2205,1829,5,0.8333333,0.7132515584154434,148
3745527313,106863163,7,4,12,0,525,24937,80,39,12,213,21,0,18,0.3564356435643564,0,986,0,595,Somnus丶M,2020,True,0,17675,20031,3,67,0,0,147,12,1,0,0,0,8,0,0,False,0,0,8,3354,2885,10,0.82608694,0.8926201488035391,161
3745418286,106863163,2,3,23,0,505,11878,0,11,2,298,19,0,3,0.05839416058394161,0,1693,2,476,Somnus丶M,2055,False,0,17296,16303,1,70,2,0,233,2,0,1,0,0,0,0,0,False,0,0,6,2903,2480,20,0.44444445,0.8648702996179368,160
3743984381,106863163,6,0,6,0,636,15146,0,49,11,198,20,0,1,0.4143126177024482,0,5839,1,640,Somnus丶M,1593,True,1,16885,16992,17,23,1,0,166,11,1,1,0,2,3,0,0,False,0,0,7,3064,2938,5,0.7083333,0.9209732555801328,166
3728807427,106863163,9,5,16,0,456,21430,0,43,10,263,22,0,10,0.22641509433962265,0,1190,0,470,Somnus丶M,2650,False,0,20140,20758,3,84,0,0,184,10,0,1,0,0,8,0,0,False,0,0,5,2425,2572,12,0.82608694,0.7050070380052282,147
3728684398,106863163,5,7,21,0,551,14760,0,49,4,407,24,0,6,0.08168822328114363,0,1414,0,509,Somnus丶M,2938,False,0,26980,24924,1,133,0,0,280,4,0,1,1,0,18,0,0,False,0,0,10,3617,2915,18,0.4,0.9145385079428916,138
3728593019,106863163,9,3,12,0,673,25376,0,39,15,293,25,0,16,0.40504050405040504,0,1932,1,758,Somnus丶M,2222,True,1,24923,28071,6,89,1,1,201,15,0,0,1,0,1,0,0,False,0,0,10,3541,3103,10,0.75,0.8383269656143173,152
3728491951,106863163,7,6,16,0,460,14983,0,9,1,258,22,0,12,0.024213075060532687,0,2919,0,495,Somnus丶M,2478,False,0,18998,20443,1,84,0,0,181,1,0,0,0,0,7,0,0,False,0,0,10,3073,2655,11,0.53333336,0.7643273677860446,137
3728384664,106863163,6,0,5,1,631,11747,165,18,5,309,23,0,6,0.14763779527559054,0,6280,4,685,Somnus丶M,2032,True,1,21369,23198,11,146,4,0,154,5,0,0,2,0,41,0,0,False,0,1,4,2326,2307,5,0.6111111,0.7643273677860446,157
3728301485,106863163,12,1,20,0,793,24248,0,46,11,280,21,0,8,0.3992740471869329,0,4799,3,694,Somnus丶M,1653,False,1,21847,19119,11,81,3,0,209,11,0,0,2,0,38,0,0,False,0,0,3,2966,3035,15,0.6571429,0.995375025135733,170
3726620028,106863163,6,11,12,0,472,10313,0,18,3,280,20,0,8,0.08192990441511151,0,777,1,489,Somnus丶M,2197,False,0,17283,17905,0,143,1,0,135,3,0,1,0,1,29,0,0,False,0,0,14,2013,2563,9,0.375,0.7743816609692339,135
3719573937,106863163,6,3,7,0,587,12891,0,49,7,219,19,0,2,0.2378255945639864,0,6434,4,573,Somnus丶M,1766,True,1,17277,16865,3,59,4,0,161,7,0,0,0,0,18,0,0,False,0,0,7,2474,2247,4,0.52,0.8057510557007842,142
3719527599,106863163,6,5,7,0,574,18086,400,72,10,199,18,0,10,0.3282275711159737,0,3771,3,486,Somnus丶M,1828,True,1,17487,14806,2,63,3,0,133,10,0,0,1,0,6,0,0,False,0,0,7,1805,2189,6,0.72727275,0.6169314297204906,145
3718123883,106863163,7,1,25,0,676,23982,0,11,10,265,20,0,14,0.31931878658861096,0,5935,4,585,Somnus丶M,1879,True,1,21170,18320,8,75,4,0,195,11,1,1,0,0,15,0,0,False,0,0,3,2975,2573,20,0.77272725,0.9682284335411221,163
3718025277,106863163,7,4,29,0,546,19007,0,39,6,194,22,0,16,0.1782178217821782,0,3168,3,617,Somnus丶M,2020,True,1,18382,20772,2,39,3,0,172,6,1,0,1,0,0,0,0,False,0,0,5,2044,1751,12,0.43333334,0.5461492057108386,130
3717902640,106863163,8,6,9,0,637,22762,617,45,5,371,25,1,12,0.10312822275696115,0,10407,6,586,Somnus丶M,2909,True,1,30883,28411,1,53,6,0,312,5,0,0,0,0,0,1,0,False,0,0,10,2348,2066,4,0.52,0.6905288558214357,131
3716818051,106863163,3,4,17,0,406,18798,0,13,8,121,16,0,12,0.28169014084507044,0,462,1,413,Somnus丶M,1704,False,0,11530,11729,2,9,1,0,127,8,0,0,0,0,0,0,0,False,0,0,10,3072,2357,13,0.6111111,0.7399959782827267,151
3716722821,106863163,3,4,13,0,507,15051,0,39,7,176,17,0,12,0.26398491514770583,0,670,1,482,Somnus丶M,1591,True,0,13443,12781,2,31,1,0,149,7,0,0,0,0,0,0,0,False,0,0,7,2847,2237,9,0.7692308,0.7643273677860446,167
3716503818,106863163,12,6,20,0,596,32246,0,11,10,404,25,0,10,0.19090041361756285,0,3061,2,643,Somnus丶M,3143,True,0,31220,33682,3,84,2,0,324,10,2,1,0,0,7,0,0,False,0,0,6,2662,2245,15,0.64705884,0.6993766338226423,157
3716044674,106863163,21,5,2,0,611,94076,233,34,10,477,25,0,6,0.18685767673621925,0,154,0,599,Somnus丶M,3211,True,1,32698,32056,5,92,0,0,377,10,0,0,0,0,3,0,0,False,0,0,4,2460,1697,2,0.8611111,0.592398954353509,121
3715991149,106863163,5,1,16,0,574,11080,0,9,6,147,16,0,14,0.2604920405209841,0,996,1,511,Somnus丶M,1382,False,1,13221,11770,5,33,1,0,125,6,0,0,0,0,3,0,0,False,0,0,3,2777,2740,8,0.52380955,0.7552785039211743,153
3714669164,106863163,13,6,27,0,655,24926,0,15,14,315,25,1,8,0.3445447087776866,0,3521,1,704,Somnus丶M,2438,False,1,26614,28605,3,96,1,0,225,14,0,0,1,0,19,1,0,False,0,0,7,3259,2312,20,0.64285713,0.704202694550573,154
3714549210,106863163,7,5,14,0,635,32403,0,19,12,363,25,0,23,0.2762854950115119,0,4381,4,722,Somnus丶M,2606,True,0,27580,31358,3,122,4,1,219,11,0,0,0,0,28,0,0,False,0,0,8,2324,1861,6,0.61290324,0.6937462296400563,149
3714460796,106863163,0,0,18,0,642,14123,0,39,11,230,21,0,18,0.36164383561643837,0,2734,1,648,Somnus丶M,1825,True,1,19527,19710,11,43,1,0,195,11,0,0,0,0,3,0,0,False,0,0,7,2552,2221,11,0.5,0.695958174140358,162
3711037338,106863163,12,7,15,0,499,18317,0,11,5,218,16,0,2,0.18170805572380375,0,107,1,445,Somnus丶M,1651,False,0,13730,12244,2,49,1,0,174,5,0,0,0,0,0,0,0,False,0,0,10,2406,2269,10,0.85,0.8626583551176352,155
3710951598,106863163,8,5,12,0,643,33611,0,17,17,371,25,0,14,0.3995299647473561,0,645,1,720,Somnus丶M,2553,True,0,27359,30636,4,96,1,0,262,17,2,1,0,0,7,0,0,False,0,0,12,2533,2560,11,0.71428573,0.757490448421476,157
3710659933,106863163,6,3,20,0,577,20601,0,39,7,283,24,0,14,0.19047619047619047,1,4058,1,674,Somnus丶M,2205,False,1,21204,24769,3,59,1,0,227,7,3,0,0,2,0,0,1,False,0,1,9,3213,2332,15,0.38235295,0.7542730746028554,149
3710610589,106863163,3,1,15,0,649,16525,0,11,10,222,20,0,7,0.3968253968253968,0,2103,1,704,Somnus丶M,1512,True,1,16354,17740,6,63,1,0,161,10,0,0,1,0,0,0,0,False,0,0,7,2113,2226,12,0.52,0.7824250955157852,176
3674511155,106863163,12,5,6,0,509,21385,0,19,14,193,22,0,10,0.4214751630707476,0,1576,1,642,Somnus丶M,1993,False,1,16907,21325,4,76,1,0,115,14,0,0,0,0,12,0,0,False,0,0,8,1439,1984,3,0.63414633,0.5783229438970441,142
3674429258,106863163,5,1,30,0,706,16979,0,11,12,369,24,1,12,0.3582089552238806,0,3248,2,784,Somnus丶M,2010,True,1,23651,26264,8,142,2,0,239,12,1,0,0,0,10,1,0,False,0,0,6,3299,2489,24,0.5483871,0.890810376030565,160
3674345427,106863163,3,1,13,1,715,31938,0,11,18,288,24,0,13,0.5397301349325336,0,6173,3,748,Somnus丶M,2001,False,1,23845,24945,10,129,3,0,158,18,0,0,0,0,37,0,0,False,0,0,2,2771,2658,10,0.7777778,0.9716468932234064,150
3674169059,106863163,12,3,27,0,616,41084,0,15,12,419,25,0,14,0.2480192903892525,1,6002,1,705,Somnus丶M,2903,False,1,29804,34110,6,153,1,0,265,12,3,0,0,0,32,0,1,False,0,0,9,3299,2510,16,0.6315789,0.7084254976875126,151
3674106773,106863163,11,1,14,0,741,28526,0,46,12,317,22,0,9,0.371708828084667,0,5766,2,670,Somnus丶M,1937,True,1,23921,21629,11,100,2,0,202,12,0,1,1,0,19,0,0,False,0,0,7,1848,2752,10,0.71875,0.9064950733963403,170
3672683657,106863163,15,3,26,0,524,18296,0,13,4,146,18,0,9,0.1561483409238777,0,1582,0,592,Somnus丶M,1537,False,1,13423,15165,4,4,0,0,164,4,2,0,0,0,0,0,0,False,0,0,7,2831,2560,14,0.4871795,0.6663985521817816,150
3672593060,106863163,12,5,14,0,631,25976,0,11,10,324,25,0,8,0.2722323049001815,0,4060,5,777,Somnus丶M,2204,True,1,23178,28541,3,133,5,0,189,10,0,1,1,0,7,0,0,False,0,0,9,2402,2390,5,0.6111111,0.6855017092298411,138
3672514696,106863163,9,3,7,0,574,22063,0,39,10,226,23,0,14,0.29850746268656714,0,2314,1,717,Somnus丶M,2010,True,1,19229,24019,4,43,1,0,180,10,0,0,1,0,2,0,0,False,1,0,10,2591,2151,6,0.7037037,0.6145183993565252,134
3672453927,106863163,6,2,16,0,573,19501,0,15,7,278,24,1,9,0.19328117809479983,0,2240,2,679,Somnus丶M,2173,False,1,20752,24591,4,83,2,0,198,7,2,1,0,0,11,1,0,False,0,0,7,2740,2294,13,0.8666667,0.6774582746832898,157
3672384363,106863163,3,5,27,0,521,20690,0,76,7,402,25,0,14,0.14290575025518884,0,1047,1,583,Somnus丶M,2939,False,0,25520,28557,1,144,1,0,269,7,0,0,0,0,1,0,0,False,0,0,9,3345,2725,11,0.5882353,0.8522018902071185,124
3671082529,106863163,8,1,35,0,535,12989,0,39,6,145,17,0,11,0.25677603423680456,0,2522,1,573,Somnus丶M,1402,True,1,12501,13389,7,6,1,0,166,6,0,0,0,0,0,0,0,False,0,0,2,3069,2501,18,0.42424244,0.7987130504725518,147
3671003756,106863163,4,0,6,0,597,12754,0,49,7,239,19,1,5,0.22001047668936619,0,5243,3,523,Somnus丶M,1909,False,1,18994,16640,11,38,3,0,198,7,0,0,0,0,18,1,0,False,0,0,5,2649,2292,6,0.55,0.6551377438166097,158
3670915410,106863163,3,5,9,0,421,8659,0,48,2,215,17,1,9,0.06486486486486487,0,724,0,437,Somnus丶M,1850,False,0,12980,13474,0,85,0,0,132,2,0,1,0,0,8,1,0,False,0,0,9,1776,2177,8,0.5555556,0.7025940076412628,145
3669545110,106863163,16,5,25,0,619,23776,0,11,6,318,23,0,15,0.16705336426914152,0,2144,2,676,Somnus丶M,2155,True,1,22232,24279,3,99,2,0,216,6,2,0,0,0,5,0,0,False,0,0,8,2088,2168,17,0.7,0.6183390307661372,149
3669462612,106863163,8,3,6,0,617,5745,0,94,2,226,19,0,4,0.08577555396711938,0,1397,2,699,Somnus丶M,1399,False,1,14386,16298,2,87,2,0,138,2,0,0,1,0,24,0,0,False,0,0,7,1956,1761,2,0.5555556,0.6052684496279912,151
3669150756,106863163,11,3,8,0,664,22311,0,11,11,312,22,0,9,0.3518123667377399,0,3948,4,708,Somnus丶M,1876,False,1,20761,22136,5,109,4,0,200,11,0,0,0,0,8,0,0,False,0,0,6,2220,2639,7,0.6666667,0.8481801729338427,148
3669093471,106863163,13,7,18,0,614,26655,0,19,11,238,24,0,14,0.2880838061981667,0,4108,3,677,Somnus丶M,2291,True,1,23444,25850,3,51,3,1,192,11,0,0,0,0,7,0,0,False,0,0,9,2195,2978,12,0.5,0.943092700583149,136
3669026454,106863163,4,7,12,0,494,18720,0,39,6,254,22,0,15,0.15450643776824036,0,2660,1,530,Somnus丶M,2330,False,0,19183,20581,1,38,1,0,213,6,2,1,0,0,0,0,0,False,0,0,10,2952,2556,10,0.625,0.7410014076010456,116
3665567565,106863163,1,2,17,0,609,13435,0,94,2,382,22,0,9,0.05417607223476298,0,3335,3,596,Somnus丶M,2215,False,0,22482,22002,1,92,3,0,297,2,1,0,0,0,18,0,0,False,0,0,8,2846,2656,9,0.5,0.8648702996179368,126
3665479564,106863163,6,6,13,0,414,12069,0,49,4,160,15,0,1,0.14990630855715176,0,1649,1,413,Somnus丶M,1601,True,0,11046,11020,1,18,1,0,150,4,0,1,0,0,0,0,0,False,0,0,6,2731,2373,9,0.4347826,0.6947516589583752,148
3661621609,106863163,14,6,22,0,689,25453,0,11,7,311,23,0,10,0.21352313167259784,0,4416,3,734,Somnus丶M,1967,True,1,22587,24062,3,88,3,0,228,7,1,0,1,0,6,0,0,False,0,0,8,1895,2086,15,0.6,0.7311482002815202,146
3661553040,106863163,8,1,7,0,603,18426,0,19,12,194,21,0,16,0.43010752688172044,0,3636,2,674,Somnus丶M,1674,False,1,16823,18804,10,47,2,0,138,12,1,0,0,2,0,0,0,False,0,0,5,2815,2685,5,0.6451613,0.8560225216167303,160
3661346789,106863163,11,4,10,0,586,21422,0,19,6,320,24,0,15,0.15202702702702703,0,3005,3,670,Somnus丶M,2368,True,1,23127,26442,3,118,3,0,197,6,0,0,1,0,12,0,0,False,0,0,7,1944,2090,9,0.6296296,0.6312085260406194,144
3661281715,106863163,4,2,10,0,617,19890,0,11,12,224,20,0,4,0.42502951593860683,0,5615,2,612,Somnus丶M,1694,True,1,17419,17278,5,40,2,0,179,12,0,1,1,0,0,0,0,False,0,0,6,2744,2734,9,0.64,0.877739794892419,151
3661212159,106863163,5,4,21,0,511,13414,0,76,1,303,21,0,4,0.025597269624573378,0,554,1,480,Somnus丶M,2344,False,0,19963,18752,1,58,1,0,244,1,2,0,0,0,0,0,0,False,0,0,11,2221,2266,15,0.46153846,0.6466921375427307,138
3659404443,106863163,18,4,7,0,718,41411,0,49,10,461,25,0,10,0.18732438339057134,0,8510,5,701,Somnus丶M,3203,False,1,38329,37421,5,149,5,0,291,10,2,3,0,0,39,0,0,False,0,0,10,3138,3163,5,0.7714286,0.8966418660768148,130
3659342482,106863163,6,1,5,0,617,20858,0,19,15,190,19,0,9,0.5765534913516976,0,1627,3,611,Somnus丶M,1561,False,1,16052,15896,10,53,3,0,135,15,0,1,1,0,6,0,0,False,0,0,4,2679,2796,5,0.7241379,0.855419264025739,149
3636274306,106863163,8,6,29,0,488,14733,0,76,5,272,21,0,5,0.13654984069185253,0,799,1,519,Somnus丶M,2197,False,0,17868,19004,1,56,1,0,229,5,0,1,0,0,0,0,0,False,0,0,13,2777,2205,15,0.8125,0.7142569877337623,141
3636144457,106863163,10,8,26,0,670,35950,0,11,7,540,25,1,7,0.14023372287145242,0,4562,4,747,Somnus丶M,2995,False,0,33444,37287,1,116,4,0,409,7,3,0,2,0,19,1,0,False,1,0,9,2396,2501,17,0.68,0.8272672431128092,131
3620591660,106863163,3,6,15,0,614,30926,0,11,8,337,24,0,9,0.22130013831258644,0,1042,2,734,Somnus丶M,2169,False,0,22196,26534,1,66,2,0,271,8,0,0,0,0,7,0,0,False,0,0,5,2352,2360,10,0.73333335,0.7761914337422079,142
3620503169,106863163,3,4,3,0,598,52957,0,17,8,442,25,0,17,0.1714898177920686,0,964,0,699,Somnus丶M,2799,True,0,27896,32608,2,156,0,0,271,8,2,1,1,0,12,0,0,False,0,0,13,2786,2488,3,0.78571427,0.7613110798310879,150
3620409478,106863163,2,5,21,0,444,13800,0,52,5,205,19,0,10,0.15052684395383842,0,1372,1,471,Somnus丶M,1993,True,0,14748,15645,1,45,1,0,172,5,0,1,0,0,3,0,0,False,0,0,8,2628,2543,11,0.53846157,0.8700985320731952,147
3618122365,106863163,6,5,43,1,552,24878,0,11,8,308,21,0,7,0.2365697387875801,0,1564,1,584,Somnus丶M,2029,False,0,18666,19748,2,91,1,0,234,8,0,0,0,0,6,0,0,False,0,0,8,3092,3006,31,0.7777778,0.8574301226623768,153
3618034898,106863163,5,4,13,0,502,18960,0,19,8,316,22,0,10,0.18299656881433474,0,1865,1,500,Somnus丶M,2623,False,0,21945,21858,2,66,1,0,252,8,0,0,0,0,10,0,0,False,0,0,12,2776,2872,9,0.7222222,0.8821636838930224,142
3617950074,106863163,5,0,5,0,495,15259,0,13,5,238,18,0,3,0.15633142261594582,0,227,1,443,Somnus丶M,1919,False,0,15831,14168,10,65,1,0,171,5,0,0,0,0,0,0,0,False,0,0,8,2270,1882,5,0.8333333,0.5871707218982506,152
3607511920,106863163,16,4,5,0,501,31513,0,39,6,233,23,1,15,0.1736613603473227,0,581,1,655,Somnus丶M,2073,True,0,17309,22630,4,66,1,1,167,6,0,0,0,0,6,1,0,False,0,0,6,2319,2510,5,0.73333335,0.6653931228634627,131
3607331394,106863163,1,4,16,0,458,7237,0,94,0,205,16,0,3,0,0,843,1,494,Somnus丶M,1419,False,0,10831,11683,0,37,1,0,146,0,1,1,0,0,14,0,0,False,0,0,5,2643,1991,11,0.25,0.6702191835913935,134
3606941562,106863163,12,1,22,0,605,24525,80,39,9,225,22,0,17,0.3091013165426445,0,2465,1,730,Somnus丶M,1747,True,1,17615,21255,10,46,1,0,196,9,0,0,1,0,0,0,0,False,0,0,5,2951,2502,14,0.67741936,0.7846370400160869,146
3606843421,106863163,9,6,6,0,460,10061,0,49,1,203,17,0,6,0.03115264797507788,1,1752,2,425,Somnus丶M,1926,False,0,14766,13642,1,41,2,0,159,1,2,0,0,0,3,0,1,False,0,0,6,2917,2538,4,0.71428573,0.731349286145184,129
3605489927,106863163,8,8,22,0,606,25915,0,11,6,495,25,0,8,0.12311901504787962,0,228,1,681,Somnus丶M,2924,False,0,29532,33187,1,112,1,0,384,6,1,2,1,0,6,0,0,False,0,0,12,2397,2305,16,0.5185185,0.7142569877337623,136
3605341105,106863163,17,8,21,0,727,72614,0,11,24,736,25,0,12,0.3415559772296015,0,7226,5,672,Somnus丶M,4216,True,1,51083,47219,4,221,5,0,488,23,2,2,3,0,34,0,0,False,0,0,12,2355,2406,17,0.8913044,0.8003217373818621,129
3605148046,106863163,8,5,17,0,624,27713,0,47,17,347,25,0,5,0.36402569593147754,0,5018,5,659,Somnus丶M,2802,True,0,29140,30775,4,71,5,0,267,17,1,0,1,1,12,0,0,False,0,0,3,2589,3158,13,0.625,0.8978483812587975,127
3604953487,106863163,5,3,14,0,476,22617,0,98,4,295,21,0,4,0.10904134484325306,0,555,1,541,Somnus丶M,2201,False,0,17461,19845,2,75,1,0,220,4,0,1,0,0,4,0,0,False,0,0,5,3343,3287,12,0.8181818,0.9276090890810376,142
3572510732,106863163,7,8,19,1,464,12683,0,35,2,308,19,0,2,0.048348106365834004,0,634,1,403,Somnus丶M,2482,False,0,19194,16670,1,86,1,0,235,2,1,0,0,0,13,0,0,False,0,0,9,2116,2019,10,0.5625,0.5859642067162678,121
3572448805,106863163,4,3,12,0,504,16484,0,43,7,199,20,0,7,0.2507462686567164,0,1632,0,618,Somnus丶M,1675,True,0,14070,17252,2,37,0,0,162,7,0,0,0,0,3,0,0,False,0,0,5,2592,2089,7,0.57894737,0.6973657751860044,152
3572228268,106863163,10,3,19,0,610,18281,0,39,10,298,25,1,11,0.2679767753461366,0,1851,0,733,Somnus丶M,2239,False,1,22763,27353,5,34,0,0,272,10,0,0,0,0,0,1,0,False,1,0,10,3021,2557,16,0.51282054,0.6848984516388498,146
3572167253,106863163,10,6,32,0,592,23405,0,11,8,404,23,0,8,0.19138755980861244,0,2422,3,555,Somnus丶M,2508,False,0,24745,23199,2,112,3,0,287,8,1,1,0,3,12,0,0,False,0,0,9,2005,2005,22,0.75,0.5875728936255781,151
3570955781,106863163,13,4,13,1,511,16680,0,43,17,119,18,0,5,0.6576402321083172,0,3313,1,542,Somnus丶M,1551,False,1,13209,14010,6,38,1,0,91,17,0,0,0,0,3,0,0,False,0,0,6,2022,1795,7,0.6666667,0.5417253167102353,154
3570818280,106863163,4,6,16,0,496,18988,0,11,8,256,18,0,2,0.2542372881355932,0,853,0,476,Somnus丶M,1888,True,0,15607,14978,1,93,0,0,168,8,0,0,0,0,9,0,0,False,0,0,8,2289,2245,12,0.6315789,0.6881158254574703,156
3570130016,106863163,9,5,22,0,681,23672,0,11,16,255,22,0,7,0.46920821114369504,1,6397,5,628,Somnus丶M,2046,True,1,23222,21414,4,66,5,0,200,16,1,0,1,0,8,0,1,False,0,0,8,2464,1801,10,0.5813953,0.6927408003217373,151
3570059287,106863163,6,3,8,0,468,13779,0,17,2,263,20,0,13,0.056764427625354774,2,1543,0,510,Somnus丶M,2114,True,0,16489,17969,2,91,0,0,174,2,1,0,0,0,11,0,1,False,0,0,10,2278,2032,5,0.5714286,0.6893223406394531,155
3563253639,106863163,17,4,19,0,653,26840,0,17,11,494,25,0,24,0.2146341463414634,0,4303,2,670,Somnus丶M,3075,False,1,33466,34337,5,211,2,0,279,11,0,0,1,0,16,0,0,False,0,0,10,1788,2025,17,0.7368421,0.5851598632616127,157
3563161917,106863163,9,1,33,0,624,13540,0,35,7,191,18,0,5,0.2706185567010309,0,5595,1,545,Somnus丶M,1552,True,1,16140,14097,8,26,1,0,192,7,0,0,0,0,3,0,0,False,0,0,5,3085,2262,19,0.42857143,0.8980494671224613,154
3561888741,106863163,6,5,6,0,623,25988,0,17,15,280,24,0,19,0.4221388367729831,0,2558,2,699,Somnus丶M,2132,False,1,22137,24837,3,126,2,0,134,15,2,3,0,0,6,0,0,False,0,0,9,2323,2560,6,0.6363636,0.8109792881560426,172
3561782689,106863163,10,6,14,0,429,21256,0,101,6,155,18,0,9,0.1895734597156398,0,1572,0,470,Somnus丶M,1899,False,1,13577,14875,2,34,0,0,133,7,0,0,0,0,3,0,0,False,0,0,10,2031,1716,7,0.42105263,0.6661974663181178,147
3561636602,106863163,6,4,14,0,498,25816,0,43,10,299,25,0,15,0.20380434782608695,0,3884,2,629,Somnus丶M,2944,False,0,24435,30862,3,78,2,0,221,10,1,0,1,0,6,0,0,False,0,0,11,2909,2285,9,0.5714286,0.7987130504725518,141
3553210799,106863163,7,8,10,0,453,16779,0,9,4,266,24,0,16,0.08992131884600973,0,1007,1,568,Somnus丶M,2669,True,0,20150,25266,1,89,1,0,178,4,0,0,0,0,7,0,0,False,0,0,10,2458,2031,8,0.44,0.6474964809973859,128
3553139349,106863163,1,8,8,0,333,4811,0,49,3,103,13,0,9,0.12702893436838392,0,460,0,348,Somnus丶M,1417,False,0,7864,8218,0,27,0,0,81,3,0,0,0,0,0,0,0,False,0,0,6,1633,1824,2,0.2857143,0.5570078423486828,130
3550304896,106863163,12,3,14,0,508,23377,0,9,11,157,19,0,16,0.3363914373088685,0,2141,1,516,Somnus丶M,1962,True,1,16611,16873,5,44,1,0,117,11,0,0,0,0,3,0,0,False,0,0,8,2976,2968,13,0.6764706,0.8678865875728936,154
3550198389,106863163,12,3,9,0,619,23597,0,52,11,162,19,0,14,0.42471042471042475,0,6578,3,626,Somnus丶M,1554,True,1,16032,16213,5,45,3,0,121,11,0,0,0,0,5,0,0,False,0,0,5,2759,2666,9,0.92,0.8865875728936256,167
3548643001,106863163,7,8,1,0,539,28959,0,22,6,257,24,0,8,0.15625,0,499,0,647,Somnus丶M,2304,False,0,20697,24844,1,44,0,0,207,6,2,1,1,0,0,0,0,False,0,0,6,2155,2056,1,0.65,0.7231047657349688,148
3548515278,106863163,7,5,10,0,506,17960,0,92,7,224,25,0,8,0.18691588785046728,0,1018,2,771,Somnus丶M,2247,False,0,18949,28873,2,114,2,0,107,7,0,0,0,0,12,0,0,False,0,0,11,2607,2017,6,0.5833333,0.6659963804544541,142
3548362140,106863163,1,6,15,0,538,15341,0,52,7,132,16,0,6,0.3286384976525822,0,3635,1,558,Somnus丶M,1278,True,1,11459,11885,1,44,1,0,96,7,0,0,0,0,0,0,0,False,0,0,8,2943,2520,11,0.42105263,0.7035994369595817,147
3548237028,106863163,9,0,3,0,590,28496,0,49,12,277,25,0,13,0.29654036243822074,0,5663,4,674,Somnus丶M,2428,False,1,23875,27274,21,86,4,0,180,12,0,0,1,0,27,0,0,False,0,0,6,2530,2400,1,0.875,0.7607078222400965,141
3535216693,106863163,10,11,1,0,500,22748,0,106,6,307,24,0,12,0.1362088535754824,0,475,0,579,Somnus丶M,2643,False,0,22025,25504,1,74,0,0,229,6,0,0,0,0,9,0,0,False,0,0,9,2325,2084,1,0.61538464,0.6396541323144983,129
3535098233,106863163,9,8,10,0,533,17596,0,6,6,284,24,0,4,0.1566579634464752,0,838,1,649,Somnus丶M,2298,False,0,20413,24856,1,91,1,0,180,6,1,0,0,0,21,0,0,False,0,0,12,1707,1211,3,0.65217394,0.5113613512970038,113
3534749496,106863163,10,13,9,0,441,9774,0,74,4,219,21,0,15,0.09720534629404617,0,124,1,450,Somnus丶M,2469,True,0,18147,18517,1,99,1,0,126,3,0,0,0,0,12,0,0,False,0,0,10,1640,1746,3,0.5833333,0.47999195656545346,136
3534655441,106863163,12,6,13,0,502,11615,0,87,8,124,17,0,5,0.2935779816513761,0,1559,1,477,Somnus丶M,1635,True,1,13679,12998,2,22,1,0,104,8,0,0,0,1,0,0,0,False,0,0,9,1281,1489,6,0.71428573,0.5459481198471747,138
3517070424,106863163,4,8,8,0,436,11402,0,9,4,219,19,0,6,0.13121924548933844,0,218,0,511,Somnus丶M,1829,False,0,13290,15576,0,49,0,0,144,4,1,0,0,0,3,0,0,False,0,0,11,1493,1644,4,0.8,0.5041222602051075,133
3516949272,106863163,7,1,10,0,444,15126,0,106,4,233,21,0,12,0.11605415860735009,0,605,1,557,Somnus丶M,2068,True,0,15303,19197,5,38,1,0,196,4,0,0,0,0,0,0,0,False,0,0,3,3010,2570,8,0.78571427,0.842348682887593,161
3516707269,106863163,12,4,14,0,549,26494,0,9,13,251,24,0,8,0.33986928104575165,0,5742,2,685,Somnus丶M,2295,False,1,20999,26201,5,87,2,0,164,13,0,2,1,0,15,0,0,False,0,0,7,3222,2493,7,0.78125,0.7391916348280716,160
3516590405,106863163,6,1,30,0,545,15981,0,70,10,235,21,0,15,0.2986560477849676,0,2809,1,593,Somnus丶M,2009,True,1,18248,19855,8,45,1,0,213,10,0,0,2,0,10,0,0,False,0,0,3,3451,2611,24,0.61538464,0.8940277498491856,160
3510962398,106863163,7,0,7,1,641,28086,0,17,17,321,24,0,17,0.4910929224843525,0,2997,1,734,Somnus丶M,2077,True,1,22189,25408,24,88,1,0,224,17,0,0,0,0,0,0,0,False,0,0,9,2785,2449,1,0.6666667,0.7615121656947517,168
3510863606,106863163,10,1,16,0,569,21290,0,9,17,176,19,0,4,0.5878962536023055,0,3731,3,547,Somnus丶M,1735,False,1,16453,15817,13,49,3,0,135,17,0,0,1,0,20,0,0,False,0,0,7,3451,2675,15,0.7714286,0.8725115624371607,149
3510754649,106863163,8,4,4,0,510,18247,332,17,7,264,22,0,18,0.21671826625386997,0,243,2,666,Somnus丶M,1938,False,0,16473,21511,3,114,2,0,139,7,0,0,0,0,0,0,0,False,0,0,11,2714,2279,2,0.88235295,0.6772571888196259,159
3510336243,106863163,7,3,27,0,642,15687,0,11,5,346,23,0,4,0.14170996693434104,0,8001,7,677,Somnus丶M,2117,True,1,22651,23886,3,100,7,0,249,5,0,0,1,0,23,0,0,False,0,0,8,3006,2214,22,0.46153846,0.7725718881962598,164
3510246936,106863163,13,6,10,0,560,27877,0,106,8,257,23,0,11,0.2146690518783542,0,1900,2,634,Somnus丶M,2236,False,1,20869,23627,3,37,2,0,217,8,0,0,1,0,0,0,0,False,0,0,5,2249,2115,3,0.7777778,0.672632213955359,168
3490111603,106863163,4,13,24,0,370,19664,2032,36,2,166,15,0,1,0.06980802792321117,0,235,1,376,Somnus丶M,1719,False,0,10600,10772,0,31,1,0,152,2,0,0,0,0,3,0,0,False,0,0,12,3330,2794,20,0.6666667,0.820832495475568,117
3490018411,106863163,1,7,12,1,449,11689,0,53,8,156,15,0,5,0.31209362808842656,0,1220,1,400,Somnus丶M,1538,False,0,11509,10253,1,31,1,0,129,8,0,0,0,0,3,0,0,False,0,0,4,2652,2905,11,0.6923077,0.865674643072592,120
3489830543,106863163,5,4,14,0,561,29370,0,97,15,480,25,0,20,0.24429967426710097,0,1728,3,751,Somnus丶M,3684,False,0,34445,46111,4,208,3,0,265,15,0,0,1,0,51,0,0,False,0,0,8,3435,2834,14,0.5714286,0.8194248944299216,136
3489750713,106863163,9,2,8,0,638,13440,0,49,9,266,21,0,16,0.2872340425531915,0,4984,3,616,Somnus丶M,1880,True,1,19990,19301,6,88,3,0,166,9,0,0,1,0,18,0,0,False,0,0,4,3354,3218,8,0.6666667,1.0528855821435754,134
3488842669,106863163,7,10,17,0,367,10485,0,106,3,206,18,0,7,0.08306414397784957,0,161,0,412,Somnus丶M,2167,False,0,13254,14880,0,50,0,0,166,3,0,0,0,0,0,0,0,False,0,0,4,2242,2167,14,0.625,0.7279308264628996,133
3488687637,106863163,7,3,16,0,722,35148,2745,17,18,483,25,0,26,0.40693293142426523,0,4670,2,814,Somnus丶M,2654,True,1,31936,36005,6,152,2,0,315,18,4,1,1,0,12,0,0,False,0,0,8,3247,2917,8,0.64102566,0.8783430524834104,152
3488502804,106863163,8,6,5,0,594,34928,0,40,7,420,25,0,7,0.1320754716981132,0,8016,4,654,Somnus丶M,3180,False,0,31482,34662,2,68,4,0,338,8,2,0,0,0,18,0,0,False,0,0,6,3099,2323,3,0.42857143,0.8240498692941887,137
3488313251,106863163,4,9,14,0,505,32263,0,43,11,347,25,0,15,0.20959034614163224,0,5824,2,606,Somnus丶M,3149,False,0,26504,31804,1,114,2,0,233,11,0,0,1,0,8,0,0,False,0,0,8,2901,2652,12,0.8333333,0.7888598431530264,119
3488169242,106863163,5,6,11,0,405,10571,0,13,5,260,20,0,13,0.1274426508071368,0,317,0,457,Somnus丶M,2354,True,0,15889,17929,1,36,0,1,217,5,0,0,0,0,0,0,0,False,0,0,5,2995,2460,8,0.71428573,0.7225015081439775,132
3487868031,106863163,10,6,20,0,679,27476,0,46,14,433,25,0,16,0.30423759507424847,1,3924,3,746,Somnus丶M,2761,True,1,31245,34328,3,218,3,0,220,14,0,1,2,0,60,0,1,False,0,0,10,3549,2697,12,0.6857143,0.8431530263422481,146
3487743581,106863163,6,7,33,0,667,22055,0,11,13,442,25,0,6,0.3086664028492283,0,6095,2,661,Somnus丶M,2527,False,1,28091,27839,2,176,2,0,269,13,0,0,1,0,42,0,0,False,0,0,9,3366,2832,27,0.76,0.8688920168912125,132
3485983859,106863163,10,1,12,0,724,17827,0,46,10,282,24,1,12,0.34110289937464466,0,4020,1,907,Somnus丶M,1759,False,1,21225,26590,10,104,1,0,175,10,0,0,2,0,40,1,0,False,0,0,4,2609,2210,7,0.6451613,0.6716267846370401,167
3485899707,106863163,10,1,21,0,620,20733,0,43,11,238,23,0,11,0.3683035714285714,0,6563,4,746,Somnus丶M,1792,True,1,18517,22280,10,54,4,0,196,11,0,0,0,0,0,0,0,False,0,0,6,3691,2888,9,0.75,0.767745827468329,149
3476638939,106863163,1,7,18,1,345,3310,0,70,2,121,12,0,1,0.09104704097116845,0,71,0,346,Somnus丶M,1318,False,0,7578,7600,0,21,0,0,116,2,0,0,0,0,3,0,0,False,0,0,6,1912,2416,8,0.25,0.734164488236477,131
3476461413,106863163,14,8,6,0,497,29185,0,49,7,514,25,0,17,0.10055063442662197,0,7531,3,656,Somnus丶M,4177,False,0,34599,45668,2,165,3,0,338,7,2,1,0,0,32,0,0,False,0,0,12,3293,2851,4,0.61764705,0.884375628393324,120
3476316649,106863163,10,5,5,0,559,38677,0,106,18,396,25,0,15,0.3582089552238806,0,352,0,674,Somnus丶M,3015,False,0,28089,33868,4,93,0,0,257,18,0,0,0,0,0,0,0,False,0,0,5,2284,1888,4,0.875,0.5702795093504927,155
3474805464,106863163,10,2,15,0,580,20518,0,17,10,375,25,0,17,0.24057738572574178,0,3640,0,705,Somnus丶M,2494,True,1,24108,29304,6,110,0,0,263,10,1,1,0,0,7,0,0,False,0,0,9,3219,2792,12,0.6896552,0.8958375226221597,150
3474647168,106863163,9,3,16,0,555,27057,0,9,11,304,24,0,11,0.2597402597402597,0,6165,2,606,Somnus丶M,2541,True,1,23504,25664,5,77,2,0,226,11,0,2,1,0,31,0,0,False,0,0,5,2886,2191,6,0.7407407,0.6690126684094109,134
3473892621,106863163,11,3,5,0,513,20560,121,17,7,244,22,0,23,0.19662921348314608,0,1959,0,614,Somnus丶M,2136,True,1,18262,21858,4,71,0,0,161,7,0,0,1,0,3,0,0,False,0,0,8,2470,2402,3,0.72,0.690327769957772,156
3473757920,106863163,16,10,11,1,550,63921,0,49,16,653,25,0,38,0.18838304552590268,0,4565,5,611,Somnus丶M,5096,True,1,46713,51894,2,225,5,0,379,16,2,2,1,0,73,0,0,False,0,0,8,2869,2553,9,0.7619048,0.7478383269656144,114
3472953031,106863163,5,2,13,0,582,15097,0,9,13,151,18,1,6,0.5607476635514018,0,3834,3,657,Somnus丶M,1391,True,1,13492,15231,6,29,3,0,129,13,0,0,0,0,6,1,0,False,0,0,4,3251,2891,12,0.54545456,0.9113211341242711,153
3472845799,106863163,6,4,27,0,448,12079,0,43,9,178,16,0,5,0.3402646502835539,0,1521,0,448,Somnus丶M,1587,True,1,11849,11849,3,26,0,0,172,9,0,0,0,0,0,0,0,False,0,0,6,3107,2989,18,0.53571427,0.8037401970641463,137
3472707591,106863163,9,6,17,0,585,27947,0,74,4,309,24,0,9,0.10033444816053512,0,2450,2,637,Somnus丶M,2392,True,0,23322,25395,1,47,2,1,260,4,0,0,0,2,9,0,0,False,0,0,3,2986,2757,13,0.7222222,0.9157450231248743,186
3472514615,106863163,12,9,14,0,497,21699,0,43,5,371,25,0,9,0.10589481115425345,0,2459,2,594,Somnus丶M,2833,False,0,23466,28046,1,58,2,0,299,5,2,0,1,0,8,0,0,False,0,0,12,2693,2253,10,0.9444444,0.7072189825055298,133
3472379810,106863163,15,7,7,0,580,43758,0,43,13,365,25,0,17,0.2448979591836735,0,7473,5,636,Somnus丶M,3185,True,1,30788,33761,3,91,5,0,247,13,2,2,0,0,21,0,0,False,0,0,6,2441,2242,5,0.6363636,0.8648702996179368,138
3472284959,106863163,2,4,15,0,830,20762,0,73,5,481,24,0,10,0.11909487892020643,0,1204,1,634,Somnus丶M,2519,False,0,34846,26617,1,145,1,0,324,5,0,0,1,0,6,0,0,False,0,0,10,2762,3458,14,0.46666667,1.053086668007239,156
3470767292,106863163,20,4,24,1,566,30977,0,9,8,397,25,0,14,0.1724137931034483,0,8778,3,634,Somnus丶M,2784,True,1,26262,29417,5,89,3,0,319,8,0,1,0,0,20,0,0,False,0,0,10,2996,2717,12,0.9032258,0.7812185803338025,141
3470623059,106863163,13,6,9,0,689,62417,3913,17,13,634,25,0,29,0.2172096908939014,0,4287,3,679,Somnus丶M,3591,True,1,41236,40638,3,195,3,0,429,13,2,1,1,0,14,0,0,False,0,0,10,2967,2703,5,0.8333333,0.82465312688518,148
3470541317,106863163,1,6,24,0,469,16670,0,11,4,274,20,0,7,0.11661807580174927,0,567,1,494,Somnus丶M,2058,True,0,16086,16944,0,130,1,0,162,4,0,0,0,0,28,0,0,False,0,0,7,3153,2591,16,0.625,0.8248542127488437,142
3470158143,106863163,7,3,30,0,658,12747,0,11,5,419,23,0,10,0.1273344651952462,0,6461,4,595,Somnus丶M,2356,True,1,25837,23363,3,130,4,0,299,5,3,1,0,0,39,0,0,False,0,0,8,3366,2715,24,0.6,0.9648099738588377,142
3470099413,106863163,13,4,16,0,598,24083,0,43,16,268,24,0,13,0.39685820587019427,0,5601,2,648,Somnus丶M,2419,True,1,24109,26125,5,77,2,0,189,16,1,0,3,0,9,0,0,False,0,0,8,2991,2640,14,0.7631579,1.0764126281922382,127
3470050191,106863163,8,4,23,0,452,12638,0,94,2,259,19,0,5,0.060790273556231005,0,2058,2,496,Somnus丶M,1974,False,0,14870,16318,2,48,2,0,228,2,0,0,0,0,0,0,0,False,0,0,5,2831,2006,11,0.75,0.6314096119042831,128
3463030797,106863163,3,7,16,0,470,23155,0,39,6,273,23,0,15,0.15803336259877085,0,320,0,586,Somnus丶M,2278,False,0,17844,22248,1,67,0,0,208,6,0,0,0,0,7,0,0,False,0,0,9,2683,1937,9,0.64285713,0.6412628192238086,148
3462898387,106863163,4,5,35,0,495,14962,0,15,7,354,24,1,7,0.1588502269288956,0,3184,2,568,Somnus丶M,2644,False,0,21813,25029,1,116,2,0,260,7,1,1,0,0,21,1,0,False,0,0,9,3323,2518,20,0.73333335,0.7886587572893625,150
3461338015,106863163,13,12,20,0,371,18589,0,9,7,188,20,0,7,0.178117048346056,1,970,0,456,Somnus丶M,2358,False,0,14580,17920,1,52,0,0,146,7,1,0,0,0,9,0,1,False,0,1,10,2812,2544,8,0.8636364,0.814397747838327,137
3461135867,106863163,6,8,15,0,444,14399,0,76,3,416,25,0,16,0.05557270762581043,0,498,1,520,Somnus丶M,3239,False,0,23968,28071,1,116,1,0,300,3,0,0,0,0,0,0,0,False,0,0,14,2936,2033,12,0.3,0.6257792077216972,122
3460979431,106863163,10,7,13,0,597,27229,0,76,10,382,25,0,14,0.20053475935828877,0,4724,2,580,Somnus丶M,2992,False,1,29770,28922,2,141,2,0,236,10,0,0,0,0,3,0,0,False,0,0,10,1945,2798,11,0.6896552,0.834908505932033,135
3457093004,106863163,15,4,29,0,627,45509,0,47,14,502,25,0,11,0.2372211239762779,0,13627,7,630,Somnus丶M,3541,False,1,37003,37180,5,77,7,0,400,14,0,0,3,0,25,0,0,False,0,0,10,3416,2521,15,0.6744186,0.7844359541524231,120
3456960289,106863163,8,5,46,1,736,37894,0,11,19,504,25,0,10,0.3776084796290162,0,19360,9,722,Somnus丶M,3019,False,1,37033,36328,4,132,9,0,328,19,2,2,1,0,35,0,0,False,0,0,12,3258,3155,39,0.6585366,1.0100542931831893,134
3455201683,106863163,2,8,11,0,425,14012,0,39,5,226,21,0,15,0.13850415512465375,0,550,1,530,Somnus丶M,2166,True,0,15342,19133,0,69,1,0,154,5,0,0,0,0,9,0,0,False,0,0,10,2484,2449,8,0.6363636,0.6392519605871707,144
3455075589,106863163,6,1,21,0,657,21049,0,11,11,319,23,0,11,0.30261348005502064,0,5926,6,653,Somnus丶M,2181,False,1,23881,23736,8,133,6,0,183,11,1,0,1,0,51,0,0,False,0,0,5,3585,2914,20,0.5862069,0.9881359340438367,147
3454930296,106863163,6,6,17,0,717,34038,0,18,15,729,25,0,19,0.26292725679228746,0,1147,1,692,Somnus丶M,3423,True,0,40904,39478,3,210,1,0,477,15,3,1,1,0,71,0,0,False,0,0,9,2675,2626,16,0.67741936,0.8614518399356526,141
3454803640,106863163,5,9,16,0,456,28808,0,70,15,308,25,1,18,0.26056745801968734,0,607,1,518,Somnus丶M,3454,False,0,26250,29819,2,143,1,0,170,15,0,0,1,0,29,1,0,False,0,0,6,3543,3362,13,0.5882353,0.9247938869897446,131
3454702648,106863163,12,6,16,0,528,41097,4078,36,13,463,25,0,17,0.23593466424682397,0,1709,1,582,Somnus丶M,3306,True,1,29092,32068,3,140,1,0,313,13,0,0,0,0,8,0,0,False,0,0,8,2962,2388,5,0.8064516,0.7852402976070783,142
3454588497,106863163,6,3,19,0,615,29945,0,39,14,320,25,1,23,0.34610630407911,0,5706,3,677,Somnus丶M,2427,True,1,24876,27384,5,116,3,0,205,14,0,0,0,0,11,1,0,False,0,0,12,3300,2439,14,0.71428573,0.8045445405188015,146
3454513800,106863163,8,4,33,0,516,17584,0,39,5,323,25,0,15,0.11641443538998836,0,1997,1,640,Somnus丶M,2577,True,1,22162,27488,2,65,1,0,272,5,1,2,0,0,4,0,0,False,0,0,11,3206,2730,19,0.65,0.7753870902875528,143
3453030247,106863163,9,1,19,0,533,23958,0,39,12,194,21,0,17,0.3991130820399113,1,1129,0,628,Somnus丶M,1804,True,1,16025,18881,10,47,0,0,160,12,0,1,0,0,0,0,1,False,0,0,5,2901,2343,15,0.75,0.6937462296400563,166
3452937397,106863163,12,3,35,0,600,39181,0,47,17,272,25,1,5,0.41295546558704455,0,5741,4,657,Somnus丶M,2470,False,1,24700,27046,7,56,4,0,238,17,0,1,2,0,27,1,0,False,0,0,7,3587,2959,27,0.6304348,0.8942288357128494,126
